"id";"role";"name";"email";"phone";"address";"password";"profile_pic";"birthdate"
206;"";"Dharmesh";"dm@gmail.com";7894561234;"mahera faliyu";"$2b$10$W9j.Blfv5n1Ama/1kAWgtepn9o1jZrf2kChO89EzcA3Z4l.2xLyFe";"facebook.png-1593711099146.png";"1999-06-03"
208;"";"mayank";"mayank@gmail.com";0;"";"$2b$10$icMo6/YissSNxX78FdXCIuFDj9KkaV8RGYLXsibOyNLebU5tBK/m6";"download.jpg-1593168844743.jpg";"2020-06-15"
215;"";"ram";"ram@gmail.com";7894561234;"jebj";"$2b$10$3oBJ/lamOF.f7.Gl2sGDB.T3o8zEPCJHZmMnL1mt2tdW6a2v8KDS2";"download.jpg-1592990412014.jpg";"2020-06-16"
216;"";"manoj";"manoj@gmail.com";7894561245;"jsdhfsj";"$2b$10$JfuiLn2HgG7qBnnKHQUI9.zinZgrFP8fZN10du5gzRQCY8TU1rs6q";"40-Creative-Logo-Designs-to-Inspire-You-Databerry-2.jpg-1592990423532.jpg";"2020-06-01"
217;"";"heli";"heli@gmail.com";7894561234;"hdgsfyh";"$2b$10$3DN6OrZW.yG6sxcgg5RE3.dvRbNJYVsa.w4uhz8j4ICmD9J535oKe";"Instagram-Icon.png-1593796273486.png";""
218;"";"ranjit";"ranjit@gmail.com";0;"";"$2b$10$MbnQIYQWjLwe91/vPk.ane.8O8O3kTLKpt/bcVEDJkCMAcprgGiaS";"download(1).jpg-1592990475498.jpg";""
219;"";"manan";"manan@gmail.com";0;"";"$2b$10$ZEbQPHUW7Cjsg/rwdgasceqBInApClh3V9wyeAiQ/ig/.B0p/1ppa";"download(1).jpg-1592990487845.jpg";""
221;"";"rahul";"rahul@gmail.com";0;"";"$2b$10$4tZ9zunD/wLUwUZce1nOD.MJgj.JHjFpRSSoTds8HiVtUH5XmYbqC";"download.jpg-1592990504519.jpg";"2020-06-04"
233;"admin";"dharmeshmahera";"dmmaera24@gmail.com";0;"";"$2b$10$Ia93U4ZW1XXMDUJJoeHE3OxrZQF3wKQL1GPrp6V6NuGCkJXsSXOfa";"40-Creative-Logo-Designs-to-Inspire-You-Databerry-2.jpg-1592990527471.jpg";"1999-06-24"
238;"";"pratik";"pratik1@gmail.com";0;"";"$2b$10$n791CGJJj7KbrQrBQl4SkOO8LdrJTkJuNd0FBKxSIuIWcbmsw.cDO";"download.jpg-1592587812546.jpg";"1970-01-01"
239;"default";"pratik";"pratik12@gmail.com";0;"";"$2b$10$/8GByQ.HDhoL2FJlLmfQPuAiSH55RgXhGPAeWjU.DG69JqJI5Z8o2";"download.jpg-1592591396748.jpg";"1970-01-01"
240;"admin";"Marut";"marut@gmail.com";0;"";"$2b$10$ulL4VX7rHTViJE5Cvi7e6ux8Xfd5qvhe.R7J40QCK0GgPpYFQm56y";"download(1).jpg-1593887810599.jpg";"1970-01-08"
241;"sub_admin";"nikhil";"nikhil@gmail.com";0;"";"$2b$10$HTUEkamXTM/0Ic1QZdaTeuKJAhSNJw7Tfy.kQ9GcsW54e4M6RVZgC";"download.jpg-1592593201896.jpg";"1970-01-01"
242;"default";"nisha";"nisha@gmail.com";0;"";"$2b$10$7oyIuBu3AoYK6WzoHJrrtuECZCZ/EYo4E.Ac6WsHJKr9MAnjUVl/O";"download(1).jpg-1592990567209.jpg";"1970-01-01"
245;"default";"raju";"raju@gmail.com";0;"";"$2b$10$lJcFzt6bjvga4.HRY8Of9.lCdyPRkCa1xstyViRxjqjfKmOziiuay";"download(1).jpg-1592990600633.jpg";"2020-06-15"
246;"default";"jaimitaben";"jaimita@gmail.com";0;"";"$2b$10$poLZjLdyILbMB8MLtM9yU.Aa1oLxpuQvZJzrMKRM2MLe6SxpREDxi";"40-Creative-Logo-Designs-to-Inspire-You-Databerry-2.jpg-1592990610455.jpg";"2020-06-01"
247;"default";"manav";"manav@gmail.com";0;"";"$2b$10$0a2cBKIFDfhAsGjkJI8rluSgIxAioZXMVNYNO0.Dz0nFFQ/P1d.Ma";"40-Creative-Logo-Designs-to-Inspire-You-Databerry-2.jpg-1592990753230.jpg";"2020-06-18"
248;"default";"urvashi";"urvashi@gmail.com";0;"";"$2b$10$Oa7GtNkzNmcS0WDnW1kVxOwfVA3XM47sPhS7FJTmKVJTpIdQMn5fy";"download.jpg-1593167751004.jpg";"2020-06-01"
249;"default";"dax";"dax@gmail.com";0;"";"$2b$10$ICSUcAHOpKzVNES/RNiL8uuCLa2FY0r4gPvDhj33iNmphhsHNjKKG";"download.jpg-1593167981911.jpg";"2020-06-02"
250;"default";"pratik";"pratik@gmail.com";0;"";"$2b$10$rI5wTHEadDS20NyeF/s6c.6oTLolHOBIheZj.OIjEbcefG7LCixYm";"download(1).jpg-1593168160030.jpg";"1970-01-01"
251;"default";"montu";"montu@gmail.com";0;"";"$2b$10$QuEd5vTpCIlQhLynMwOgHu9Q9u8FCYWk7HDDLeCv1CAPwkoKRlVZq";"40-Creative-Logo-Designs-to-Inspire-You-Databerry-2.jpg-1593405284675.jpg";"2020-06-01"
254;"default";"mehul";"mehul@gmail.com";0;"";"$2b$10$E2nvsTcM47UcioSVjHg.tOemTO1QScLkNR5p1ndfX0v0Bsikp7ZPS";"40-Creative-Logo-Designs-to-Inspire-You-Databerry-2.jpg-1593758619330.jpg";"2020-07-03"
255;"admin";"admin";"admin@gmail.com";0;"";"$2b$10$2bw2bvD661tx2SgFQFjN7.Ary0Fd/nEXS/lvtl4n6/jjdZWGHjvie";"download.jpg-1593760994954.jpg";"2020-07-07"
256;"sub_admin";"dilip";"dilip@gmail.com";0;"";"$2b$10$jYqhf83BbyzN.3tA9M3C0.phhImQruWMETWUhjqF.E.jfSrpdbLqG";"download(1).jpg-1593801680593.jpg";"2020-07-16"
257;"default";"rangit";"rangit@gmail.com";0;"";"$2b$10$9QGgZDSh.h0eMG0Y7ex3/.sATlAd64H0S9TVjiy.xa68AmqViF0Ay";"download.jpg-1593801916279.jpg";"2020-07-07"
258;"default";"Manek";"manek@gmail.com";0;"";"$2b$10$HeM0z1BiAG6y9Pz1RIxNSuoBNjifeNdGF9w4ClO5lB7ovev.7hRKu";"download.jpg-1593802166228.jpg";"2020-07-16"
